{"format":2,"version":"6.4.4","globals":"73bdede1e79494ed1107546e4b19e609","files":{"d_ef4dad73af5cc7d9___init___py":{"hash":"fe7cd1a70bd7099786970eb5c8357dba","index":{"nums":[0,1,6,0,0,0,0,0],"html_filename":"d_ef4dad73af5cc7d9___init___py.html","relative_filename":"ipinfo\\__init__.py"}},"d_1fad907dd2149769___init___py":{"hash":"175e3bf678676fc912361fb3b5bc0240","index":{"nums":[0,1,0,0,0,0,0,0],"html_filename":"d_1fad907dd2149769___init___py.html","relative_filename":"ipinfo\\cache\\__init__.py"}},"d_1fad907dd2149769_default_py":{"hash":"3a15ca29790d2536a321fec2d4286947","index":{"nums":[0,1,13,0,1,2,0,0],"html_filename":"d_1fad907dd2149769_default_py.html","relative_filename":"ipinfo\\cache\\default.py"}},"d_1fad907dd2149769_interface_py":{"hash":"39611dbc6b02279384033c67c92061db","index":{"nums":[0,1,10,0,4,2,0,0],"html_filename":"d_1fad907dd2149769_interface_py.html","relative_filename":"ipinfo\\cache\\interface.py"}},"d_ef4dad73af5cc7d9_details_py":{"hash":"719f28c91273cff974c6af04a10f4d12","index":{"nums":[0,1,9,0,0,4,0,0],"html_filename":"d_ef4dad73af5cc7d9_details_py.html","relative_filename":"ipinfo\\details.py"}},"d_ef4dad73af5cc7d9_exceptions_py":{"hash":"4ed1dd1e24d9dd31c0476795e220b586","index":{"nums":[0,1,4,0,0,4,0,0],"html_filename":"d_ef4dad73af5cc7d9_exceptions_py.html","relative_filename":"ipinfo\\exceptions.py"}},"d_ef4dad73af5cc7d9_handler_py":{"hash":"14ac566e7be34c9befa0f2951555e2ff","index":{"nums":[0,1,106,0,48,44,9,31],"html_filename":"d_ef4dad73af5cc7d9_handler_py.html","relative_filename":"ipinfo\\handler.py"}},"d_ef4dad73af5cc7d9_handler_async_py":{"hash":"9af54c574754d79e7372210374c4174c","index":{"nums":[0,1,117,0,58,44,9,31],"html_filename":"d_ef4dad73af5cc7d9_handler_async_py.html","relative_filename":"ipinfo\\handler_async.py"}},"d_ef4dad73af5cc7d9_handler_utils_py":{"hash":"c3247dabacaffe6b5533aae6e5425ef2","index":{"nums":[0,1,39,0,3,6,1,3],"html_filename":"d_ef4dad73af5cc7d9_handler_utils_py.html","relative_filename":"ipinfo\\handler_utils.py"}},"d_ef4dad73af5cc7d9_version_py":{"hash":"f310cce1fae65de5e51cf19fd3f29ce4","index":{"nums":[0,1,1,0,0,0,0,0],"html_filename":"d_ef4dad73af5cc7d9_version_py.html","relative_filename":"ipinfo\\version.py"}}}}